address,square_feet,url,price,price_per_sq_ft,status,number_of_beds,number_of_bathrooms
"2538 Kingston Dr, Northbrook, IL 60062","2,268",https://www.zillow.com/homedetails/2538-Kingston-Dr-Northbrook-IL-60062/3339629_zpid/,"$495,000",218.25396825396825,For sale by owner,3,3
"3829 Medford Cir, Northbrook, IL 60062","3,422",https://www.zillow.com/homedetails/3829-Medford-Cir-Northbrook-IL-60062/3331784_zpid/,"$799,000",233.48918760958503,House for sale,6,4
"851 Turnberry Ln, Northbrook, IL 60062","3,200",https://www.zillow.com/homedetails/851-Turnberry-Ln-Northbrook-IL-60062/58355935_zpid/,"$869,000",271.5625,House for sale,3,3
"1704 Maple Ave, Northbrook, IL 60062","1,336",https://www.zillow.com/homedetails/1704-Maple-Ave-Northbrook-IL-60062/3336821_zpid/,"$340,000",254.49101796407186,House for sale,3,2
"334 Chipili Dr, Northbrook, IL 60062","1,409",https://www.zillow.com/homedetails/334-Chipili-Dr-Northbrook-IL-60062/3338067_zpid/,"$347,000",246.27395315826828,House for sale,3,2
"2311 Techny Rd, Northbrook, IL 60062","2,354",https://www.zillow.com/homedetails/2311-Techny-Rd-Northbrook-IL-60062/3339725_zpid/,"$475,000",201.7841971112999,House for sale,5,4
"2435 Cobblewood Dr, Northbrook, IL 60062","2,800",https://www.zillow.com/homedetails/2435-Cobblewood-Dr-Northbrook-IL-60062/3343403_zpid/,"$488,500",174.46428571428572,House for sale,4,4
"2479 Cobblewood Dr, Northbrook, IL 60062","3,100",https://www.zillow.com/homedetails/2479-Cobblewood-Dr-Northbrook-IL-60062/2078315290_zpid/,"$539,000",173.8709677419355,House for sale,4,3
"2901 Cherry Ln, Northbrook, IL 60062","2,896",https://www.zillow.com/homedetails/2901-Cherry-Ln-Northbrook-IL-60062/3333951_zpid/,"$535,000",184.73756906077347,House for sale,4,3
"1000 Shermer Rd, Northbrook, IL 60062","2,560",https://www.zillow.com/homedetails/1000-Shermer-Rd-Northbrook-IL-60062/3336251_zpid/,"$359,000",140.234375,House for sale,4,3
"2150 Shermer Rd, Northbrook, IL 60062","1,599",https://www.zillow.com/homedetails/2150-Shermer-Rd-Northbrook-IL-60062/3339782_zpid/,"$319,000",199.49968730456536,House for sale,3,2
"3841 Oak Ave, Northbrook, IL 60062","5,872",https://www.zillow.com/homedetails/3841-Oak-Ave-Northbrook-IL-60062/3332312_zpid/,"$1,399,000",238.2493188010899,House for sale,5,6
"1353 Landwehr Rd, Northbrook, IL 60062","2,300",https://www.zillow.com/homedetails/1353-Landwehr-Rd-Northbrook-IL-60062/3333896_zpid/,"$525,000",228.2608695652174,House for sale,3,4
"3700 Whirlaway Dr, Northbrook, IL 60062","4,690",https://www.zillow.com/homedetails/3700-Whirlaway-Dr-Northbrook-IL-60062/3342335_zpid/,"$699,999",149.2535181236674,House for sale,5,4
"500 Voltz Rd, Northbrook, IL 60062","9,748",https://www.zillow.com/homedetails/500-Voltz-Rd-Northbrook-IL-60062/3338637_zpid/,"$3,295,000",338.01805498563806,House for sale,7,1
"1960 Butternut Ln, Northbrook, IL 60062","1,048",https://www.zillow.com/homedetails/1960-Butternut-Ln-Northbrook-IL-60062/3339450_zpid/,"$320,000",305.3435114503817,House for sale,2,1
"2395 White Oak Dr, Northbrook, IL 60062","13,436",https://www.zillow.com/homedetails/2395-White-Oak-Dr-Northbrook-IL-60062/3342358_zpid/,"$3,995,000",297.33551652277464,New construction,8,1
"2511 Oak Ave, Northbrook, IL 60062","4,096",https://www.zillow.com/homedetails/2511-Oak-Ave-Northbrook-IL-60062/3334929_zpid/,"$999,000",243.896484375,New construction,5,4
"890 Bittersweet Dr, Northbrook, IL 60062","2,367",https://www.zillow.com/homedetails/890-Bittersweet-Dr-Northbrook-IL-60062/3336270_zpid/,"$524,900",221.75749894381073,Contingent,4,3
"1130 Waukegan Rd, Northbrook, IL 60062","1,540",https://www.zillow.com/homedetails/1130-Waukegan-Rd-Northbrook-IL-60062/3336587_zpid/,"$315,000",204.54545454545453,House for sale,3,2
"4001 Walters Ave, Northbrook, IL 60062","2,121",https://www.zillow.com/homedetails/4001-Walters-Ave-Northbrook-IL-60062/3332195_zpid/,"$399,900",188.54314002828855,House for sale,4,3
"1113 Fairway Ln, Northbrook, IL 60062","4,698",https://www.zillow.com/homedetails/1113-Fairway-Ln-Northbrook-IL-60062/3329228_zpid/,"$899,000",191.35802469135803,House for sale,4,5
"2333 Catherine St, Northbrook, IL 60062","1,581",https://www.zillow.com/homedetails/2333-Catherine-St-Northbrook-IL-60062/3335351_zpid/,"$424,900",268.7539531941809,For sale by owner,3,2
"929 Dorset Dr, Northbrook, IL 60062","3,422",https://www.zillow.com/homedetails/929-Dorset-Dr-Northbrook-IL-60062/3331843_zpid/,"$640,000",187.02513150204558,House for sale,5,3
"2134 Shermer Rd, Northbrook, IL 60062","3,203",https://www.zillow.com/homedetails/2134-Shermer-Rd-Northbrook-IL-60062/3339781_zpid/,"$565,000",176.39712769278802,House for sale,4,3
"530 Pfingsten Rd, Northbrook, IL 60062","1,943",https://www.zillow.com/homedetails/530-Pfingsten-Rd-Northbrook-IL-60062/3330545_zpid/,"$479,000",246.52599073597528,House for sale,4,2
"4010 Radcliffe Dr, Northbrook, IL 60062","2,337",https://www.zillow.com/homedetails/4010-Radcliffe-Dr-Northbrook-IL-60062/3332330_zpid/,"$625,000",267.4368848951647,House for sale,4,3
"2526 Burgundy Ln, Northbrook, IL 60062","2,360",https://www.zillow.com/homedetails/2526-Burgundy-Ln-Northbrook-IL-60062/3343561_zpid/,"$399,000",169.0677966101695,House for sale,2,2
"239 Chipili Dr, Northbrook, IL 60062","1,231",https://www.zillow.com/homedetails/239-Chipili-Dr-Northbrook-IL-60062/3338092_zpid/,"$292,000",237.2055239642567,House for sale,3,2
"545 Anthony Trl, Northbrook, IL 60062","1,691",https://www.zillow.com/homedetails/545-Anthony-Trl-Northbrook-IL-60062/3330494_zpid/,"$294,900",174.39384979302187,House for sale,3,2
"1930 Redwood Ln, Northbrook, IL 60062","2,579",https://www.zillow.com/homedetails/1930-Redwood-Ln-Northbrook-IL-60062/3335992_zpid/,"$519,900",201.5897634742148,House for sale,4,3
"1036 Blackthorn Ln, Northbrook, IL 60062","1,852",https://www.zillow.com/homedetails/1036-Blackthorn-Ln-Northbrook-IL-60062/3334492_zpid/,"$510,000",275.377969762419,House for sale,3,2
"3144 Plum Island Dr, Northbrook, IL 60062","3,000",https://www.zillow.com/homedetails/3144-Plum-Island-Dr-Northbrook-IL-60062/3333938_zpid/,"$950,000",316.6666666666667,House for sale,4,3
"4335 Walters Ave, Northbrook, IL 60062","2,919",https://www.zillow.com/homedetails/4335-Walters-Ave-Northbrook-IL-60062/3332062_zpid/,"$519,000",177.80061664953752,House for sale,5,4
"4200 Walters Ave, Northbrook, IL 60062","9,268",https://www.zillow.com/homedetails/4200-Walters-Ave-Northbrook-IL-60062/3331997_zpid/,"$2,599,000",280.42727665084163,House for sale,6,9
"1856 Smith Rd, Northbrook, IL 60062","3,381",https://www.zillow.com/homedetails/1856-Smith-Rd-Northbrook-IL-60062/3340379_zpid/,"$599,000",177.16651878142562,House for sale,6,4
"2244 Techny Rd, Northbrook, IL 60062","3,137",https://www.zillow.com/homedetails/2244-Techny-Rd-Northbrook-IL-60062/3339441_zpid/,"$565,000",180.10838380618426,House for sale,5,4
"2230 White Oak Dr, Northbrook, IL 60062","3,616",https://www.zillow.com/homedetails/2230-White-Oak-Dr-Northbrook-IL-60062/3340735_zpid/,"$699,900",193.55641592920355,House for sale,5,4
"3856 Sunset Ln, Northbrook, IL 60062","8,088",https://www.zillow.com/homedetails/3856-Sunset-Ln-Northbrook-IL-60062/3331198_zpid/,"$1,299,000",160.60830860534125,House for sale,5,6
"1004 Lee Rd, Northbrook, IL 60062","4,333",https://www.zillow.com/homedetails/1004-Lee-Rd-Northbrook-IL-60062/3336422_zpid/,"$1,219,000",281.32933302561736,House for sale,6,6
"829 Midway Rd, Northbrook, IL 60062","1,996",https://www.zillow.com/homedetails/829-Midway-Rd-Northbrook-IL-60062/3337290_zpid/,"$380,000",190.3807615230461,House for sale,4,4
"2939 Canterbury Dr, Northbrook, IL 60062","2,612",https://www.zillow.com/homedetails/2939-Canterbury-Dr-Northbrook-IL-60062/3340994_zpid/,"$689,000",263.78254211332313,House for sale,4,3
"634 Laburnum Dr, Northbrook, IL 60062","10,800",https://www.zillow.com/homedetails/634-Laburnum-Dr-Northbrook-IL-60062/101322558_zpid/,"$2,950,000",273.14814814814815,House for sale,5,6
"1856 Smith Rd, Northbrook, IL 60062","3,381",https://www.zillow.com/homedetails/1856-Smith-Rd-Northbrook-IL-60062/3340379_zpid/,"$599,000",177.16651878142562,House for sale,6,4
"2513 Campden Ln, Northbrook, IL 60062","3,727",https://www.zillow.com/homedetails/2513-Campden-Ln-Northbrook-IL-60062/3330158_zpid/,"$599,900",160.9605580896163,House for sale,3,4
"3144 Plum Island Dr, Northbrook, IL 60062","3,000",https://www.zillow.com/homedetails/3144-Plum-Island-Dr-Northbrook-IL-60062/3333938_zpid/,"$950,000",316.6666666666667,House for sale,4,3
"1418 Cedar Ln, Northbrook, IL 60062","6,800",https://www.zillow.com/homedetails/1418-Cedar-Ln-Northbrook-IL-60062/3335498_zpid/,"$1,339,000",196.91176470588235,New construction,6,6
"3675 Oak Ave, Northbrook, IL 60062","5,252",https://www.zillow.com/homedetails/3675-Oak-Ave-Northbrook-IL-60062/3332322_zpid/,"$999,900",190.3846153846154,House for sale,5,4
"2655 Woodland Dr, Northbrook, IL 60062","3,447",https://www.zillow.com/homedetails/2655-Woodland-Dr-Northbrook-IL-60062/3339703_zpid/,"$749,900",217.55149405279954,For sale by owner,5,4
"4010 Radcliffe Dr, Northbrook, IL 60062","2,337",https://www.zillow.com/homedetails/4010-Radcliffe-Dr-Northbrook-IL-60062/3332330_zpid/,"$625,000",267.4368848951647,House for sale,4,3
"1925 Ivy Ln, Northbrook, IL 60062","3,380",https://www.zillow.com/homedetails/1925-Ivy-Ln-Northbrook-IL-60062/3340511_zpid/,"$669,000",197.92899408284023,House for sale,4,3
"1700 Braeside Ln, Northbrook, IL 60062","10,729",https://www.zillow.com/homedetails/1700-Braeside-Ln-Northbrook-IL-60062/70422713_zpid/,"$2,890,000",269.363407586914,Contingent,6,7
"544 Pfingsten Rd, Northbrook, IL 60062","5,500",https://www.zillow.com/homedetails/544-Pfingsten-Rd-Northbrook-IL-60062/3330546_zpid/,"$975,000",177.27272727272728,House for sale,5,5
"2301 Ash Ln, Northbrook, IL 60062","4,590",https://www.zillow.com/homedetails/2301-Ash-Ln-Northbrook-IL-60062/3334730_zpid/,"$1,199,000",261.22004357298476,House for sale,6,5
"4200 Walters Ave, Northbrook, IL 60062","9,268",https://www.zillow.com/homedetails/4200-Walters-Ave-Northbrook-IL-60062/3331997_zpid/,"$2,599,000",280.42727665084163,House for sale,6,9
"800 Fair Ln, Northbrook, IL 60062","2,200",https://www.zillow.com/homedetails/800-Fair-Ln-Northbrook-IL-60062/3334779_zpid/,"$399,900",181.77272727272728,House for sale,3,2
"1907 Glendale Ave, Northbrook, IL 60062","5,400",https://www.zillow.com/homedetails/1907-Glendale-Ave-Northbrook-IL-60062/3339434_zpid/,"$1,099,000",203.5185185185185,House for sale,5,5
"3125 Keystone Rd, Northbrook, IL 60062","4,827",https://www.zillow.com/homedetails/3125-Keystone-Rd-Northbrook-IL-60062/65542457_zpid/,"$1,249,000",258.7528485601823,House for sale,6,5
"2516 Jasper Ct, Northbrook, IL 60062","4,952",https://www.zillow.com/homedetails/2516-Jasper-Ct-Northbrook-IL-60062/58356016_zpid/,"$875,000",176.6962843295638,House for sale,4,5
"3945 Radcliffe Dr, Northbrook, IL 60062","2,115",https://www.zillow.com/homedetails/3945-Radcliffe-Dr-Northbrook-IL-60062/3332361_zpid/,"$495,000",234.04255319148936,House for sale,4,3
"805 Pinto Ln, Northbrook, IL 60062","3,567",https://www.zillow.com/homedetails/805-Pinto-Ln-Northbrook-IL-60062/3331682_zpid/,"$699,900",196.215306980656,House for sale,4,3
"665 Midfield Ln, Northbrook, IL 60062","6,900",https://www.zillow.com/homedetails/665-Midfield-Ln-Northbrook-IL-60062/3338576_zpid/,"$1,050,000",152.17391304347825,House for sale,7,7
"2230 White Oak Dr, Northbrook, IL 60062","3,616",https://www.zillow.com/homedetails/2230-White-Oak-Dr-Northbrook-IL-60062/3340735_zpid/,"$699,900",193.55641592920355,House for sale,5,4
"844 Meadow Rd, Northbrook, IL 60062","1,077",https://www.zillow.com/homedetails/844-Meadow-Rd-Northbrook-IL-60062/3334440_zpid/,"$339,000",314.7632311977716,House for sale,3,1
"2555 Steven Ln, Northbrook, IL 60062","3,254",https://www.zillow.com/homedetails/2555-Steven-Ln-Northbrook-IL-60062/49913448_zpid/,"$785,900",241.51813153042409,House for sale,4,4
"1135 Voltz Rd, Northbrook, IL 60062","3,110",https://www.zillow.com/homedetails/1135-Voltz-Rd-Northbrook-IL-60062/3338532_zpid/,"$950,000",305.4662379421222,House for sale,4,5
"2475 Woodlawn Rd, Northbrook, IL 60062","6,910",https://www.zillow.com/homedetails/2475-Woodlawn-Rd-Northbrook-IL-60062/3338812_zpid/,"$1,875,000",271.3458755426918,House for sale,7,9
"2428 Oak Ave, Northbrook, IL 60062","3,024",https://www.zillow.com/homedetails/2428-Oak-Ave-Northbrook-IL-60062/3334905_zpid/,"$594,900",196.72619047619048,House for sale,4,3
"2244 Techny Rd, Northbrook, IL 60062","3,137",https://www.zillow.com/homedetails/2244-Techny-Rd-Northbrook-IL-60062/3339441_zpid/,"$565,000",180.10838380618426,House for sale,5,4
"3740 Bordeaux Dr, Northbrook, IL 60062","2,464",https://www.zillow.com/homedetails/3740-Bordeaux-Dr-Northbrook-IL-60062/3331254_zpid/,"$639,000",259.3344155844156,House for sale,4,3
"3465 Whirlaway Dr, Northbrook, IL 60062","6,150",https://www.zillow.com/homedetails/3465-Whirlaway-Dr-Northbrook-IL-60062/3340706_zpid/,"$1,139,900",185.34959349593495,House for sale,5,6
"1036 Blackthorn Ln, Northbrook, IL 60062","1,852",https://www.zillow.com/homedetails/1036-Blackthorn-Ln-Northbrook-IL-60062/3334492_zpid/,"$510,000",275.377969762419,House for sale,3,2
"3037 Oxford Ln, Northbrook, IL 60062","3,100",https://www.zillow.com/homedetails/3037-Oxford-Ln-Northbrook-IL-60062/3340950_zpid/,"$595,000",191.93548387096774,House for sale,4,3
"1533 Shermer Rd, Northbrook, IL 60062",867,https://www.zillow.com/homedetails/1533-Shermer-Rd-Northbrook-IL-60062/3336880_zpid/,"$299,000",344.86735870818916,House for sale,2,1
"1930 Redwood Ln, Northbrook, IL 60062","2,579",https://www.zillow.com/homedetails/1930-Redwood-Ln-Northbrook-IL-60062/3335992_zpid/,"$519,900",201.5897634742148,House for sale,4,3
"631 Voltz Rd, Northbrook, IL 60062","7,521",https://www.zillow.com/homedetails/631-Voltz-Rd-Northbrook-IL-60062/3338547_zpid/,"$1,500,000",199.4415636218588,House for sale,5,6
"3021 Manor Dr, Northbrook, IL 60062","2,612",https://www.zillow.com/homedetails/3021-Manor-Dr-Northbrook-IL-60062/3340785_zpid/,"$710,000",271.822358346095,For sale by owner,4,3
"2755 Prince St, Northbrook, IL 60062","2,600",https://www.zillow.com/homedetails/2755-Prince-St-Northbrook-IL-60062/3343624_zpid/,"$555,000",213.46153846153845,House for sale,4,3
"4215 Rutgers Ln, Northbrook, IL 60062","2,692",https://www.zillow.com/homedetails/4215-Rutgers-Ln-Northbrook-IL-60062/3331528_zpid/,"$769,900",285.99554234769687,For sale by owner,4,3
"3310 Sunset Trl, Northbrook, IL 60062","6,500",https://www.zillow.com/homedetails/3310-Sunset-Trl-Northbrook-IL-60062/3340571_zpid/,"$3,750,000",576.9230769230769,House for sale,6,8
"1600 Voltz Ct, Northbrook, IL 60062","4,412",https://www.zillow.com/homedetails/1600-Voltz-Ct-Northbrook-IL-60062/3338666_zpid/,"$1,075,000",243.65367180417044,House for sale,6,4
"1819 Braeside Ln, Northbrook, IL 60062","7,658",https://www.zillow.com/homedetails/1819-Braeside-Ln-Northbrook-IL-60062/3338623_zpid/,"$2,950,000",385.218072603813,House for sale,4,5
"1948 Smith Rd, Northbrook, IL 60062","2,178",https://www.zillow.com/homedetails/1948-Smith-Rd-Northbrook-IL-60062/3340360_zpid/,"$495,000",227.27272727272728,House for sale,4,3
"2436 Walters Ave, Northbrook, IL 60062","1,115",https://www.zillow.com/homedetails/2436-Walters-Ave-Northbrook-IL-60062/3335020_zpid/,"$339,500",304.4843049327354,House for sale,2,2
"3835 Medford Cir, Northbrook, IL 60062","3,306",https://www.zillow.com/homedetails/3835-Medford-Cir-Northbrook-IL-60062/3331785_zpid/,"$694,000",209.92135511191773,House for sale,4,3
"108 Poplar Ct, Northbrook, IL 60062","1,559",https://www.zillow.com/homedetails/108-Poplar-Ct-Northbrook-IL-60062/3279081_zpid/,"$475,000",304.6824887748557,House for sale,3,2
"1562 Walters Ave, Northbrook, IL 60062","4,293",https://www.zillow.com/homedetails/1562-Walters-Ave-Northbrook-IL-60062/3336994_zpid/,"$1,249,000",290.938737479618,House for sale,5,4
"2033 Walnut Cir, Northbrook, IL 60062","1,732",https://www.zillow.com/homedetails/2033-Walnut-Cir-Northbrook-IL-60062/3329489_zpid/,"$410,000",236.72055427251732,For sale by owner,3,1
"245 Cottonwood Rd, Northbrook, IL 60062","1,550",https://www.zillow.com/homedetails/245-Cottonwood-Rd-Northbrook-IL-60062/3329539_zpid/,"$334,900",216.06451612903226,House for sale,3,2
"2195 Woodlawn Rd, Northbrook, IL 60062","5,506",https://www.zillow.com/homedetails/2195-Woodlawn-Rd-Northbrook-IL-60062/3339524_zpid/,"$1,799,000",326.734471485652,House for sale,6,6
"3828 Charles Dr, Northbrook, IL 60062","3,062",https://www.zillow.com/homedetails/3828-Charles-Dr-Northbrook-IL-60062/3332440_zpid/,"$559,000",182.56041802743306,House for sale,4,3
"2337 Arbeleda Ln, Northbrook, IL 60062","3,555",https://www.zillow.com/homedetails/2337-Arbeleda-Ln-Northbrook-IL-60062/3344298_zpid/,"$569,900",160.30942334739802,House for sale,4,3
"1226 Grant Rd, Northbrook, IL 60062","4,650",https://www.zillow.com/homedetails/1226-Grant-Rd-Northbrook-IL-60062/3337614_zpid/,"$1,145,000",246.23655913978496,House for sale,4,4
"925 Morrison Ln, Northbrook, IL 60062","8,960",https://www.zillow.com/homedetails/925-Morrison-Ln-Northbrook-IL-60062/3329233_zpid/,"$3,455,000",385.60267857142856,House for sale,6,8
"4205 Terri Lyn Ln, Northbrook, IL 60062","3,694",https://www.zillow.com/homedetails/4205-Terri-Lyn-Ln-Northbrook-IL-60062/3332098_zpid/,"$639,000",172.9832160259881,House for sale,4,3
"654 Pfingsten Rd, Northbrook, IL 60062","5,200",https://www.zillow.com/homedetails/654-Pfingsten-Rd-Northbrook-IL-60062/3330595_zpid/,"$980,000",188.46153846153845,For sale by owner,6,6
"370 Versailles Dr, Northbrook, IL 60062","2,618",https://www.zillow.com/homedetails/370-Versailles-Dr-Northbrook-IL-60062/3331257_zpid/,"$599,000",228.80061115355232,House for sale,4,3
"1601 Sunset Ridge Rd, Northbrook, IL 60062","3,474",https://www.zillow.com/homedetails/1601-Sunset-Ridge-Rd-Northbrook-IL-60062/3338200_zpid/,"$895,000",257.6280944156592,House for sale,5,4
"2170 Maple Ave, Northbrook, IL 60062","3,866",https://www.zillow.com/homedetails/2170-Maple-Ave-Northbrook-IL-60062/3335524_zpid/,"$949,000",245.4733574754268,House for sale,5,4
"705 Laburnum Dr, Northbrook, IL 60062","2,877",https://www.zillow.com/homedetails/705-Laburnum-Dr-Northbrook-IL-60062/3330484_zpid/,"$525,000",182.4817518248175,House for sale,3,4
"1904 Deercrest Ln, Northbrook, IL 60062","3,124",https://www.zillow.com/homedetails/1904-Deercrest-Ln-Northbrook-IL-60062/3339868_zpid/,"$779,000",249.35979513444303,House for sale,6,4
"1815 Oakwood Rd, Northbrook, IL 60062","5,361",https://www.zillow.com/homedetails/1815-Oakwood-Rd-Northbrook-IL-60062/3329617_zpid/,"$1,198,000",223.46577131132253,House for sale,6,7
"2111 Mallard Dr, Northbrook, IL 60062","4,217",https://www.zillow.com/homedetails/2111-Mallard-Dr-Northbrook-IL-60062/3339729_zpid/,"$875,000",207.49347877638132,House for sale,5,6
"837 Waukegan Rd, Northbrook, IL 60062","1,236",https://www.zillow.com/homedetails/837-Waukegan-Rd-Northbrook-IL-60062/3335777_zpid/,"$379,000",306.6343042071197,House for sale,4,2
"3734 Riviera Ct, Northbrook, IL 60062","3,408",https://www.zillow.com/homedetails/3734-Riviera-Ct-Northbrook-IL-60062/3331807_zpid/,"$699,900",205.36971830985917,House for sale,6,6
"225 Elm Ct, Northbrook, IL 60062","4,455",https://www.zillow.com/homedetails/225-Elm-Ct-Northbrook-IL-60062/3329500_zpid/,"$1,085,000",243.54657687991022,House for sale,5,6
"3315 Prestwick Ln, Northbrook, IL 60062","2,839",https://www.zillow.com/homedetails/3315-Prestwick-Ln-Northbrook-IL-60062/3333641_zpid/,"$625,000",220.14793941528708,House for sale,4,3
"4170 Cardinal Ct, Northbrook, IL 60062","3,020",https://www.zillow.com/homedetails/4170-Cardinal-Ct-Northbrook-IL-60062/89904853_zpid/,"$849,000",281.12582781456956,House for sale,4,5
"1731 Happ Rd, Northbrook, IL 60062","1,500",https://www.zillow.com/homedetails/1731-Happ-Rd-Northbrook-IL-60062/3338234_zpid/,"$455,000",303.3333333333333,House for sale,3,3
"610 Pfingsten Rd, Northbrook, IL 60062","1,500",https://www.zillow.com/homedetails/610-Pfingsten-Rd-Northbrook-IL-60062/3330592_zpid/,"$439,000",292.6666666666667,House for sale,3,2
"2249 Post Rd, Northbrook, IL 60062","3,092",https://www.zillow.com/homedetails/2249-Post-Rd-Northbrook-IL-60062/3340708_zpid/,"$675,000",218.3053040103493,House for sale,5,5
"1008 Shermer Rd, Northbrook, IL 60062","2,128",https://www.zillow.com/homedetails/1008-Shermer-Rd-Northbrook-IL-60062/3336223_zpid/,"$489,000",229.79323308270676,House for sale,4,3
"2371 Asbury Rd, Northbrook, IL 60062","3,658",https://www.zillow.com/homedetails/2371-Asbury-Rd-Northbrook-IL-60062/3339394_zpid/,"$1,234,000",337.3428102788409,House for sale,5,5
"4224 Yorkshire Ln, Northbrook, IL 60062","2,324",https://www.zillow.com/homedetails/4224-Yorkshire-Ln-Northbrook-IL-60062/3331667_zpid/,"$459,000",197.50430292598966,House for sale,3,2
"2249 Maple Ave, Northbrook, IL 60062","3,800",https://www.zillow.com/homedetails/2249-Maple-Ave-Northbrook-IL-60062/80854948_zpid/,"$1,095,000",288.1578947368421,House for sale,5,5
"1335 Eastwood Ln, Northbrook, IL 60062","3,967",https://www.zillow.com/homedetails/1335-Eastwood-Ln-Northbrook-IL-60062/3336519_zpid/,"$769,000",193.84925636501134,House for sale,5,3
"908 Dorset Dr, Northbrook, IL 60062","3,422",https://www.zillow.com/homedetails/908-Dorset-Dr-Northbrook-IL-60062/3331558_zpid/,"$739,000",215.95558153126825,House for sale,5,4
"3903 Sunset Ln, Northbrook, IL 60062","5,468",https://www.zillow.com/homedetails/3903-Sunset-Ln-Northbrook-IL-60062/65537989_zpid/,"$1,599,000",292.4286759326993,House for sale,5,5
"1133 Greenbriar Ln, Northbrook, IL 60062","4,992",https://www.zillow.com/homedetails/1133-Greenbriar-Ln-Northbrook-IL-60062/3334663_zpid/,"$1,149,000",230.16826923076923,House for sale,6,5
"1816 Prairie Ave, Northbrook, IL 60062","1,500",https://www.zillow.com/homedetails/1816-Prairie-Ave-Northbrook-IL-60062/3340121_zpid/,"$489,000",326.0,House for sale,4,3
"46 Bridlewood Ln, Northbrook, IL 60062","6,886",https://www.zillow.com/homedetails/46-Bridlewood-Ln-Northbrook-IL-60062/3337691_zpid/,"$1,549,000",224.9491722335173,House for sale,5,8
"2748 Woodland Dr, Northbrook, IL 60062","5,976",https://www.zillow.com/homedetails/2748-Woodland-Dr-Northbrook-IL-60062/3339671_zpid/,"$1,575,000",263.5542168674699,House for sale,6,8
"1710 Marcee Ln, Northbrook, IL 60062","1,850",https://www.zillow.com/homedetails/1710-Marcee-Ln-Northbrook-IL-60062/3336672_zpid/,"$497,010",268.65405405405403,For sale by owner,4,2
"1435 Lee Rd, Northbrook, IL 60062","1,993",https://www.zillow.com/homedetails/1435-Lee-Rd-Northbrook-IL-60062/3337703_zpid/,"$649,500",325.89061716006023,House for sale,5,3
"3910 Greenacre Dr, Northbrook, IL 60062","7,500",https://www.zillow.com/homedetails/3910-Greenacre-Dr-Northbrook-IL-60062/3331732_zpid/,"$1,499,000",199.86666666666667,House for sale,6,9
"2106 Cargill Dr, Northbrook, IL 60062","2,400",https://www.zillow.com/homedetails/2106-Cargill-Dr-Northbrook-IL-60062/3339718_zpid/,"$579,000",241.25,House for sale,4,3
"2235 Chestnut St, Northbrook, IL 60062","4,740",https://www.zillow.com/homedetails/2235-Chestnut-St-Northbrook-IL-60062/3335315_zpid/,"$1,049,000",221.30801687763713,House for sale,5,5
"1909 Walnut Cir, Northbrook, IL 60062","4,000",https://www.zillow.com/homedetails/1909-Walnut-Cir-Northbrook-IL-60062/3329508_zpid/,"$1,290,000",322.5,House for sale,6,5
"3565 Pleasant St, Northbrook, IL 60062","3,650",https://www.zillow.com/homedetails/3565-Pleasant-St-Northbrook-IL-60062/3339970_zpid/,"$590,000",161.64383561643837,House for sale,5,3
"1845 Smith Rd, Northbrook, IL 60062","2,069",https://www.zillow.com/homedetails/1845-Smith-Rd-Northbrook-IL-60062/3340424_zpid/,"$629,900",304.44659255679073,House for sale,4,3
"2507 Oak Ave, Northbrook, IL 60062","4,221",https://www.zillow.com/homedetails/2507-Oak-Ave-Northbrook-IL-60062/3334930_zpid/,"$995,000",235.7261312485193,New construction,5,5
"1320 Eskin Dr, Northbrook, IL 60062","6,675",https://www.zillow.com/homedetails/1320-Eskin-Dr-Northbrook-IL-60062/3332186_zpid/,"$1,195,000",179.02621722846442,House for sale,5,8
"3408 Lake Knoll Dr, Northbrook, IL 60062","3,221",https://www.zillow.com/homedetails/3408-Lake-Knoll-Dr-Northbrook-IL-60062/3340761_zpid/,"$599,000",185.96709096553866,House for sale,5,4
"1405 Christina Ln, Northbrook, IL 60062","6,764",https://www.zillow.com/homedetails/1405-Christina-Ln-Northbrook-IL-60062/3333827_zpid/,"$1,349,900",199.57125960969842,House for sale,3,5
"335 Oak Knoll Ter, Northbrook, IL 60062","2,927",https://www.zillow.com/homedetails/335-Oak-Knoll-Ter-Northbrook-IL-60062/3330720_zpid/,"$614,000",209.77109668602665,House for sale,3,3
"4005 Pamella Ln, Northbrook, IL 60062","4,623",https://www.zillow.com/homedetails/4005-Pamella-Ln-Northbrook-IL-60062/3330813_zpid/,"$925,000",200.08652390222798,House for sale,4,5
"1420 Linden Rd, Northbrook, IL 60062","5,200",https://www.zillow.com/homedetails/1420-Linden-Rd-Northbrook-IL-60062/3337050_zpid/,"$1,159,000",222.8846153846154,House for sale,5,4
"504 Alice Dr, Northbrook, IL 60062","7,500",https://www.zillow.com/homedetails/504-Alice-Dr-Northbrook-IL-60062/3330519_zpid/,"$1,649,900",219.98666666666668,House for sale,5,7
"2350 White Oak Dr, Northbrook, IL 60062","5,839",https://www.zillow.com/homedetails/2350-White-Oak-Dr-Northbrook-IL-60062/3340590_zpid/,"$2,895,000",495.8040760404179,House for sale,5,7
"1224 Glenoak Ln, Northbrook, IL 60062","6,615",https://www.zillow.com/homedetails/1224-Glenoak-Ln-Northbrook-IL-60062/3336470_zpid/,"$1,899,900",287.2108843537415,House for sale,6,7
"2339 Oak Ave, Northbrook, IL 60062","4,035",https://www.zillow.com/homedetails/2339-Oak-Ave-Northbrook-IL-60062/3335575_zpid/,"$924,999",229.24386617100373,House for sale,4,4
"665 Anthony Trl, Northbrook, IL 60062","3,990",https://www.zillow.com/homedetails/665-Anthony-Trl-Northbrook-IL-60062/3330552_zpid/,"$615,000",154.13533834586465,House for sale,5,6
"2980 Keystone Rd, Northbrook, IL 60062","6,500",https://www.zillow.com/homedetails/2980-Keystone-Rd-Northbrook-IL-60062/3333850_zpid/,"$479,000",73.6923076923077,House for sale,3,1
"902 Suffield Ter, Northbrook, IL 60062","3,400",https://www.zillow.com/homedetails/902-Suffield-Ter-Northbrook-IL-60062/3331873_zpid/,"$699,000",205.58823529411765,House for sale,5,3
"1560 Woodview Ln, Northbrook, IL 60062","3,419",https://www.zillow.com/homedetails/1560-Woodview-Ln-Northbrook-IL-60062/253420024_zpid/,"$1,380,000",403.6267914594911,House for sale,3,4
"1720 Central Ave, Northbrook, IL 60062","4,000",https://www.zillow.com/homedetails/1720-Central-Ave-Northbrook-IL-60062/3340000_zpid/,"$950,000",237.5,House for sale,4,6
"2245 Center Ave, Northbrook, IL 60062","1,480",https://www.zillow.com/homedetails/2245-Center-Ave-Northbrook-IL-60062/3335393_zpid/,"$519,000",350.6756756756757,House for sale,3,2
"828 Timbers Edge Ln, Northbrook, IL 60062","3,100",https://www.zillow.com/homedetails/828-Timbers-Edge-Ln-Northbrook-IL-60062/2085532674_zpid/,"$844,900",272.5483870967742,New construction,4,4
"634 Bordeaux Dr, Northbrook, IL 60062","3,485",https://www.zillow.com/homedetails/634-Bordeaux-Dr-Northbrook-IL-60062/3331272_zpid/,"$687,000",197.13055954088952,House for sale,5,3
"1540 Sanders Rd, Northbrook, IL 60062","1,120",https://www.zillow.com/homedetails/1540-Sanders-Rd-Northbrook-IL-60062/3332005_zpid/,"$654,900",584.7321428571429,House for sale,3,2
"3755 Maple Ave, Northbrook, IL 60062","4,700",https://www.zillow.com/homedetails/3755-Maple-Ave-Northbrook-IL-60062/3332276_zpid/,"$1,290,000",274.468085106383,House for sale,4,6
"1253 Sunset Ridge Rd, Northbrook, IL 60062","1,650",https://www.zillow.com/homedetails/1253-Sunset-Ridge-Rd-Northbrook-IL-60062/3338045_zpid/,"$459,000",278.1818181818182,House for sale,5,3
"811 Timbers Edge Ln, Northbrook, IL 60062","3,100",https://www.zillow.com/homedetails/811-Timbers-Edge-Ln-Northbrook-IL-60062/2091626619_zpid/,"$839,900",270.93548387096774,New construction,4,4
"2900 Weller Ln, Northbrook, IL 60062","6,682",https://www.zillow.com/homedetails/2900-Weller-Ln-Northbrook-IL-60062/3333843_zpid/,"$1,020,000",152.64890751272074,House for sale,7,6
"2005 Techny Rd, Northbrook, IL 60062","2,000",https://www.zillow.com/homedetails/2005-Techny-Rd-Northbrook-IL-60062/3339787_zpid/,"$485,000",242.5,House for sale,2,2
"1545 Woodview Ln, Northbrook, IL 60062","3,021",https://www.zillow.com/homedetails/1545-Woodview-Ln-Northbrook-IL-60062/253422340_zpid/,"$1,269,900",420.35749751737836,New construction,3,3
"2210 Landwehr Rd, Northbrook, IL 60062","5,200",https://www.zillow.com/homedetails/2210-Landwehr-Rd-Northbrook-IL-60062/54529895_zpid/,"$1,277,000",245.57692307692307,House for sale,4,5
"1613 Provenance Way, Northbrook, IL 60062","3,365",https://www.zillow.com/homedetails/1613-Provenance-Way-Northbrook-IL-60062/257773948_zpid/,"$999,900",297.147102526003,New construction,3,4
"2001 Woodlawn Rd, Northbrook, IL 60062","1,389",https://www.zillow.com/homedetails/2001-Woodlawn-Rd-Northbrook-IL-60062/70452825_zpid/,"$375,000",269.97840172786175,House for sale,3,1
"3579 Techny Rd, Northbrook, IL 60062","2,700",https://www.zillow.com/homedetails/3579-Techny-Rd-Northbrook-IL-60062/3340677_zpid/,"$699,900",259.22222222222223,House for sale,5,4
"1621 Provenance Way, Northbrook, IL 60062","2,513",https://www.zillow.com/homedetails/1621-Provenance-Way-Northbrook-IL-60062/255363096_zpid/,"$925,000",368.0859530441703,New construction,2,3
"4255 Timberlane Dr, Northbrook, IL 60062","2,609",https://www.zillow.com/homedetails/4255-Timberlane-Dr-Northbrook-IL-60062/2078325987_zpid/,"$899,000",344.5764660789575,House for sale,4,3
"1572 Woodview Ln, Northbrook, IL 60062","2,477",https://www.zillow.com/homedetails/1572-Woodview-Ln-Northbrook-IL-60062/253423115_zpid/,"$1,144,500",462.0508679854663,New construction,2,3
"1739 Provenance Way, Northbrook, IL 60062","2,500",https://www.zillow.com/homedetails/1739-Provenance-Way-Northbrook-IL-60062/255363098_zpid/,"$875,000",350.0,New construction,3,3
"2679 Walters Ave, Northbrook, IL 60062","4,197",https://www.zillow.com/homedetails/2679-Walters-Ave-Northbrook-IL-60062/3334857_zpid/,"$750,000",178.69907076483202,Contingent,6,5
"1200 Woodview Ln, Northbrook, IL 60062","3,021",https://www.zillow.com/homedetails/1200-Woodview-Ln-Northbrook-IL-60062/253422611_zpid/,"$1,229,900",407.11684872558754,New construction,3,3
"1505 Woodview Ln, Northbrook, IL 60062","3,021",https://www.zillow.com/homedetails/1505-Woodview-Ln-Northbrook-IL-60062/253422127_zpid/,"$1,229,900",407.11684872558754,New construction,3,3
"1216 Briarwood Ln, Northbrook, IL 60062","2,056",https://www.zillow.com/homedetails/1216-Briarwood-Ln-Northbrook-IL-60062/3335249_zpid/,"$600,000",291.8287937743191,House for sale,3,2
"3771 Walters Ave, Northbrook, IL 60062","1,272",https://www.zillow.com/homedetails/3771-Walters-Ave-Northbrook-IL-60062/3332221_zpid/,"$350,000",275.15723270440253,House for sale,3,2
"3668 Oak Ave, Northbrook, IL 60062",984,https://www.zillow.com/homedetails/3668-Oak-Ave-Northbrook-IL-60062/3332296_zpid/,"$349,913",355.6026422764228,House for sale,2,1
"4008 Dana Ct, Northbrook, IL 60062","5,032",https://www.zillow.com/homedetails/4008-Dana-Ct-Northbrook-IL-60062/3331725_zpid/,"$750,000",149.04610492845788,Contingent,5,4
"1731 Provenance Way, Northbrook, IL 60062","3,000",https://www.zillow.com/homedetails/1731-Provenance-Way-Northbrook-IL-60062/255363097_zpid/,"$954,900",318.3,New construction,3,3
"2751 Woodland Dr, Northbrook, IL 60062","6,715",https://www.zillow.com/homedetails/2751-Woodland-Dr-Northbrook-IL-60062/3339692_zpid/,"$1,685,000",250.9307520476545,Contingent,6,7
"1819 Elm Ave, Northbrook, IL 60062","1,291",https://www.zillow.com/homedetails/1819-Elm-Ave-Northbrook-IL-60062/3336788_zpid/,"$274,999",213.01239349341597,Contingent,3,2
"2825 Keystone Rd, Northbrook, IL 60062","2,483",https://www.zillow.com/homedetails/2825-Keystone-Rd-Northbrook-IL-60062/3340314_zpid/,"$549,900",221.46596858638745,Contingent,4,3
"3726 Pebble Beach Rd, Northbrook, IL 60062","2,828",https://www.zillow.com/homedetails/3726-Pebble-Beach-Rd-Northbrook-IL-60062/3331900_zpid/,"$815,000",288.1895332390382,Contingent,4,4
"1243 Ridgewood Dr, Northbrook, IL 60062","7,615",https://www.zillow.com/homedetails/1243-Ridgewood-Dr-Northbrook-IL-60062/3336461_zpid/,"$1,899,000",249.376231122784,Contingent,6,9
"4045 Picardy Dr, Northbrook, IL 60062","2,740",https://www.zillow.com/homedetails/4045-Picardy-Dr-Northbrook-IL-60062/3331021_zpid/,"$649,900",237.1897810218978,Pending,4,3
"411 Marshall Rd, Northbrook, IL 60062","1,068",https://www.zillow.com/homedetails/411-Marshall-Rd-Northbrook-IL-60062/3337586_zpid/,"$279,000",261.23595505617976,Contingent,4,2
"2328 Cambridge Dr, Northbrook, IL 60062","2,644",https://www.zillow.com/homedetails/2328-Cambridge-Dr-Northbrook-IL-60062/3340794_zpid/,"$525,000",198.5627836611195,Pending,4,3
"1370 Western Ave, Northbrook, IL 60062","1,372",https://www.zillow.com/homedetails/1370-Western-Ave-Northbrook-IL-60062/3335007_zpid/,"$329,900",240.45189504373178,Contingent,3,2
"805 Sutton Dr, Northbrook, IL 60062","2,633",https://www.zillow.com/homedetails/805-Sutton-Dr-Northbrook-IL-60062/3331801_zpid/,"$474,900",180.36460311431827,Contingent,5,3
"12 The Court Of Stonecreek, Northbrook, IL 60062","1,833",https://www.zillow.com/homedetails/12-The-Court-Of-Stonecreek-Northbrook-IL-60062/3333718_zpid/,"$374,900",204.52809601745773,House for sale,3,3
"1125 Galway Ct, Northbrook, IL 60062","2,514",https://www.zillow.com/homedetails/1125-Galway-Ct-Northbrook-IL-60062/3333070_zpid/,"$625,000",248.60779634049325,Contingent,4,3
"2017 Butternut Ln, Northbrook, IL 60062","2,760",https://www.zillow.com/homedetails/2017-Butternut-Ln-Northbrook-IL-60062/3339789_zpid/,"$785,000",284.42028985507244,Contingent,5,3
"4168 Terri Lyn Ln, Northbrook, IL 60062","3,380",https://www.zillow.com/homedetails/4168-Terri-Lyn-Ln-Northbrook-IL-60062/3332112_zpid/,"$795,000",235.20710059171597,Pending,5,5
"2115 Farnsworth Ln, Northbrook, IL 60062","5,748",https://www.zillow.com/homedetails/2115-Farnsworth-Ln-Northbrook-IL-60062/3339270_zpid/,"$1,399,900",243.5455810716771,Contingent,5,5
"1143 Western Ave, Northbrook, IL 60062","1,651",https://www.zillow.com/homedetails/1143-Western-Ave-Northbrook-IL-60062/3334488_zpid/,"$319,500",193.519079345851,Contingent,3,2
"801 Midway Rd, Northbrook, IL 60062","3,470",https://www.zillow.com/homedetails/801-Midway-Rd-Northbrook-IL-60062/87721039_zpid/,"$609,000",175.5043227665706,Contingent,4,3
"1637 Braeside Ln, Northbrook, IL 60062","5,165",https://www.zillow.com/homedetails/1637-Braeside-Ln-Northbrook-IL-60062/3338629_zpid/,"$2,195,000",424.9757986447241,Pending,6,6
"3525 Walters Ave, Northbrook, IL 60062","4,673",https://www.zillow.com/homedetails/3525-Walters-Ave-Northbrook-IL-60062/159463735_zpid/,"$569,000",121.76332120693344,Contingent,4,4
"670 Midfield Ln, Northbrook, IL 60062","6,243",https://www.zillow.com/homedetails/670-Midfield-Ln-Northbrook-IL-60062/3338574_zpid/,"$1,675,000",268.3004965561429,Contingent,3,6
"3650 Whirlaway Dr, Northbrook, IL 60062","6,398",https://www.zillow.com/homedetails/3650-Whirlaway-Dr-Northbrook-IL-60062/3342292_zpid/,"$849,000",132.69771803688653,Contingent,7,5
"505 Laburnum Dr, Northbrook, IL 60062","2,100",https://www.zillow.com/homedetails/505-Laburnum-Dr-Northbrook-IL-60062/3330432_zpid/,"$396,400",188.76190476190476,Contingent,4,3
"2068 Brentwood Rd, Northbrook, IL 60062","4,634",https://www.zillow.com/homedetails/2068-Brentwood-Rd-Northbrook-IL-60062/3339287_zpid/,"$1,149,500",248.05783340526543,Contingent,4,4
"2860 Hillcrest Ln, Northbrook, IL 60062","5,786",https://www.zillow.com/homedetails/2860-Hillcrest-Ln-Northbrook-IL-60062/3333833_zpid/,"$1,189,000",205.49602488765987,Contingent,5,5
"245 Old Post Rd, Northbrook, IL 60062","2,949",https://www.zillow.com/homedetails/245-Old-Post-Rd-Northbrook-IL-60062/3329151_zpid/,"$725,000",245.8460495083079,Contingent,4,3
"1712 Marcee Ln, Northbrook, IL 60062","2,328",https://www.zillow.com/homedetails/1712-Marcee-Ln-Northbrook-IL-60062/3336671_zpid/,"$624,900",268.42783505154637,Contingent,4,4
"1805 Shawnee Trl, Northbrook, IL 60062","2,580",https://www.zillow.com/homedetails/1805-Shawnee-Trl-Northbrook-IL-60062/3340205_zpid/,"$534,900",207.32558139534885,Contingent,4,3
"4055 Michelline Ln, Northbrook, IL 60062","3,188",https://www.zillow.com/homedetails/4055-Michelline-Ln-Northbrook-IL-60062/3331053_zpid/,"$779,900",244.63613550815558,Contingent,5,4
"370 Versailles Dr, Northbrook, IL 60062","2,618",https://www.zillow.com/homedetails/370-Versailles-Dr-Northbrook-IL-60062/3331257_zpid/,"$599,000",228.80061115355232,House for sale,4,3
"1573 Woodview Ln, Northbrook, IL 60062","3,021",https://www.zillow.com/homedetails/1573-Woodview-Ln-Northbrook-IL-60062/253422347_zpid/,"$1,519,900",503.11155246607086,Contingent,3,3
"1805 Shawnee Trl, Northbrook, IL 60062","2,580",https://www.zillow.com/homedetails/1805-Shawnee-Trl-Northbrook-IL-60062/3340205_zpid/,"$534,900",207.32558139534885,Contingent,4,3
"335 Oak Knoll Ter, Northbrook, IL 60062","2,927",https://www.zillow.com/homedetails/335-Oak-Knoll-Ter-Northbrook-IL-60062/3330720_zpid/,"$614,000",209.77109668602665,House for sale,3,3
"1125 Galway Ct, Northbrook, IL 60062","2,514",https://www.zillow.com/homedetails/1125-Galway-Ct-Northbrook-IL-60062/3333070_zpid/,"$625,000",248.60779634049325,Contingent,4,3
"2705 Prince St, Northbrook, IL 60062","6,229",https://www.zillow.com/homedetails/2705-Prince-St-Northbrook-IL-60062/3343629_zpid/,"$759,000",121.84941403114465,Pending,5,4
"2607 Mulberry Ln, Northbrook, IL 60062","2,472",https://www.zillow.com/homedetails/2607-Mulberry-Ln-Northbrook-IL-60062/3338956_zpid/,"$475,000",192.15210355987054,Contingent,4,3
"2124 Center Ave, Northbrook, IL 60062","3,281",https://www.zillow.com/homedetails/2124-Center-Ave-Northbrook-IL-60062/3335324_zpid/,"$735,000",224.0170679670832,Contingent,4,3
"1435 Lee Rd, Northbrook, IL 60062","1,993",https://www.zillow.com/homedetails/1435-Lee-Rd-Northbrook-IL-60062/3337703_zpid/,"$649,500",325.89061716006023,House for sale,5,3
"2507 Oak Ave, Northbrook, IL 60062","4,221",https://www.zillow.com/homedetails/2507-Oak-Ave-Northbrook-IL-60062/3334930_zpid/,"$995,000",235.7261312485193,New construction,5,5
"2328 Cambridge Dr, Northbrook, IL 60062","2,644",https://www.zillow.com/homedetails/2328-Cambridge-Dr-Northbrook-IL-60062/3340794_zpid/,"$525,000",198.5627836611195,Pending,4,3
"705 Laburnum Dr, Northbrook, IL 60062","2,877",https://www.zillow.com/homedetails/705-Laburnum-Dr-Northbrook-IL-60062/3330484_zpid/,"$525,000",182.4817518248175,House for sale,3,4
"2781 Canterbury Dr, Northbrook, IL 60062","2,510",https://www.zillow.com/homedetails/2781-Canterbury-Dr-Northbrook-IL-60062/3339662_zpid/,"$484,900",193.18725099601593,Contingent,4,3
"1212 Woodview Ln, Northbrook, IL 60062","2,318",https://www.zillow.com/homedetails/1212-Woodview-Ln-Northbrook-IL-60062/2085937946_zpid/,"$994,900",429.20621225194134,Pending,2,3
"4045 Picardy Dr, Northbrook, IL 60062","2,740",https://www.zillow.com/homedetails/4045-Picardy-Dr-Northbrook-IL-60062/3331021_zpid/,"$649,900",237.1897810218978,Pending,4,3
"2328 Asbury Rd, Northbrook, IL 60062","3,230",https://www.zillow.com/homedetails/2328-Asbury-Rd-Northbrook-IL-60062/3339388_zpid/,"$529,000",163.77708978328172,Contingent,4,4
"504 Alice Dr, Northbrook, IL 60062","7,500",https://www.zillow.com/homedetails/504-Alice-Dr-Northbrook-IL-60062/3330519_zpid/,"$1,649,900",219.98666666666668,House for sale,5,7
"532 Greenwood Rd, Northbrook, IL 60062","5,615",https://www.zillow.com/homedetails/532-Greenwood-Rd-Northbrook-IL-60062/3330040_zpid/,"$1,459,000",259.83971504897596,Pending,5,5
"3565 Pleasant St, Northbrook, IL 60062","3,650",https://www.zillow.com/homedetails/3565-Pleasant-St-Northbrook-IL-60062/3339970_zpid/,"$590,000",161.64383561643837,House for sale,5,3
"1727 Ellendale Dr, Northbrook, IL 60062","2,500",https://www.zillow.com/homedetails/1727-Ellendale-Dr-Northbrook-IL-60062/3339026_zpid/,"$578,800",231.52,Contingent,4,4
"3496 Whirlaway Dr, Northbrook, IL 60062","2,600",https://www.zillow.com/homedetails/3496-Whirlaway-Dr-Northbrook-IL-60062/3340713_zpid/,"$559,750",215.28846153846155,Contingent,4,3
"2353 Greenwood Rd, Northbrook, IL 60062","1,977",https://www.zillow.com/homedetails/2353-Greenwood-Rd-Northbrook-IL-60062/3343548_zpid/,"$350,000",177.03591299949417,Pending,3,3
"1343 Southwind Dr, Northbrook, IL 60062","5,490",https://www.zillow.com/homedetails/1343-Southwind-Dr-Northbrook-IL-60062/3332418_zpid/,"$969,000",176.50273224043715,Pending,5,5
"1731 Provenance Way, Northbrook, IL 60062","3,000",https://www.zillow.com/homedetails/1731-Provenance-Way-Northbrook-IL-60062/255363097_zpid/,"$954,900",318.3,New construction,3,3
"2436 Walters Ave, Northbrook, IL 60062","1,115",https://www.zillow.com/homedetails/2436-Walters-Ave-Northbrook-IL-60062/3335020_zpid/,"$339,500",304.4843049327354,House for sale,2,2
"4170 Cardinal Ct, Northbrook, IL 60062","3,020",https://www.zillow.com/homedetails/4170-Cardinal-Ct-Northbrook-IL-60062/89904853_zpid/,"$849,000",281.12582781456956,House for sale,4,5
"1028 Dell Rd, Northbrook, IL 60062","1,932",https://www.zillow.com/homedetails/1028-Dell-Rd-Northbrook-IL-60062/3337432_zpid/,"$409,000",211.6977225672878,Contingent,4,2
"1017 Dell Rd, Northbrook, IL 60062","1,221",https://www.zillow.com/homedetails/1017-Dell-Rd-Northbrook-IL-60062/3337440_zpid/,"$259,000",212.12121212121212,Contingent,3,2
"2521 Illinois Rd, Northbrook, IL 60062","3,000",https://www.zillow.com/homedetails/2521-Illinois-Rd-Northbrook-IL-60062/3334971_zpid/,"$1,049,900",349.96666666666664,Contingent,5,5
"1405 Christina Ln, Northbrook, IL 60062","6,764",https://www.zillow.com/homedetails/1405-Christina-Ln-Northbrook-IL-60062/3333827_zpid/,"$1,349,900",199.57125960969842,House for sale,3,5
"2245 Center Ave, Northbrook, IL 60062","1,480",https://www.zillow.com/homedetails/2245-Center-Ave-Northbrook-IL-60062/3335393_zpid/,"$519,000",350.6756756756757,House for sale,3,2
"1815 Oakwood Rd, Northbrook, IL 60062","5,361",https://www.zillow.com/homedetails/1815-Oakwood-Rd-Northbrook-IL-60062/3329617_zpid/,"$1,198,000",223.46577131132253,House for sale,6,7
"1420 Linden Rd, Northbrook, IL 60062","5,200",https://www.zillow.com/homedetails/1420-Linden-Rd-Northbrook-IL-60062/3337050_zpid/,"$1,159,000",222.8846153846154,House for sale,5,4
"237 Arrowwood Dr, Northbrook, IL 60062","1,672",https://www.zillow.com/homedetails/237-Arrowwood-Dr-Northbrook-IL-60062/3279184_zpid/,"$389,000",232.6555023923445,Contingent,2,3
"2145 Ash Ln, Northbrook, IL 60062","4,711",https://www.zillow.com/homedetails/2145-Ash-Ln-Northbrook-IL-60062/3334640_zpid/,"$1,199,999",254.72277648057738,Contingent,5,5
"1058 Meadow Rd, Northbrook, IL 60062","2,100",https://www.zillow.com/homedetails/1058-Meadow-Rd-Northbrook-IL-60062/3334426_zpid/,"$525,000",250.0,Pending,3,3
"610 Pfingsten Rd, Northbrook, IL 60062","1,500",https://www.zillow.com/homedetails/610-Pfingsten-Rd-Northbrook-IL-60062/3330592_zpid/,"$439,000",292.6666666666667,House for sale,3,2
"1845 Smith Rd, Northbrook, IL 60062","2,069",https://www.zillow.com/homedetails/1845-Smith-Rd-Northbrook-IL-60062/3340424_zpid/,"$629,900",304.44659255679073,House for sale,4,3
"1226 Grant Rd, Northbrook, IL 60062","4,650",https://www.zillow.com/homedetails/1226-Grant-Rd-Northbrook-IL-60062/3337614_zpid/,"$1,145,000",246.23655913978496,House for sale,4,4
"2195 Woodlawn Rd, Northbrook, IL 60062","5,506",https://www.zillow.com/homedetails/2195-Woodlawn-Rd-Northbrook-IL-60062/3339524_zpid/,"$1,799,000",326.734471485652,House for sale,6,6
"1017 Dell Rd, Northbrook, IL 60062","1,221",https://www.zillow.com/homedetails/1017-Dell-Rd-Northbrook-IL-60062/3337440_zpid/,"$259,000",212.12121212121212,Contingent,3,2
"237 Arrowwood Dr, Northbrook, IL 60062","1,672",https://www.zillow.com/homedetails/237-Arrowwood-Dr-Northbrook-IL-60062/3279184_zpid/,"$389,000",232.6555023923445,Contingent,2,3
"1028 Dell Rd, Northbrook, IL 60062","1,932",https://www.zillow.com/homedetails/1028-Dell-Rd-Northbrook-IL-60062/3337432_zpid/,"$409,000",211.6977225672878,Contingent,4,2
"1156 Cayuga Dr, Northbrook, IL 60062","2,264",https://www.zillow.com/homedetails/1156-Cayuga-Dr-Northbrook-IL-60062/3333158_zpid/,"$399,000",176.23674911660777,Contingent,4,3
"1253 Country Ln, Northbrook, IL 60062","1,600",https://www.zillow.com/homedetails/1253-Country-Ln-Northbrook-IL-60062/3337134_zpid/,"$425,000",265.625,Contingent,3,3
"2607 Mulberry Ln, Northbrook, IL 60062","2,472",https://www.zillow.com/homedetails/2607-Mulberry-Ln-Northbrook-IL-60062/3338956_zpid/,"$475,000",192.15210355987054,Contingent,4,3
"1225 Woodview Ln, Northbrook, IL 60062","2,554",https://www.zillow.com/homedetails/1225-Woodview-Ln-Northbrook-IL-60062/253420447_zpid/,"$1,039,900",407.1652310101801,Pending,3,3
"1201 Wendy Dr, Northbrook, IL 60062","1,971",https://www.zillow.com/homedetails/1201-Wendy-Dr-Northbrook-IL-60062/3336545_zpid/,"$400,000",202.94266869609336,Contingent,3,2
"1727 Ellendale Dr, Northbrook, IL 60062","2,500",https://www.zillow.com/homedetails/1727-Ellendale-Dr-Northbrook-IL-60062/3339026_zpid/,"$578,800",231.52,Contingent,4,4
"1581 Woodview Ln, Northbrook, IL 60062","2,554",https://www.zillow.com/homedetails/1581-Woodview-Ln-Northbrook-IL-60062/253420420_zpid/,"$1,019,900",399.3343774471417,Pending,3,3
"2302 Crabtree Ln, Northbrook, IL 60062","3,100",https://www.zillow.com/homedetails/2302-Crabtree-Ln-Northbrook-IL-60062/3334611_zpid/,"Est. $805,159",259.7287096774194,Pre-foreclosure,5,4
"1042 Whitfield Rd, Northbrook, IL 60062","1,100",https://www.zillow.com/homedetails/1042-Whitfield-Rd-Northbrook-IL-60062/3337512_zpid/,"Est. $370,480",336.8,Pre-foreclosure,3,2
"2030 Maplewood Rd, Northbrook, IL 60062","1,231",https://www.zillow.com/homedetails/2030-Maplewood-Rd-Northbrook-IL-60062/3329299_zpid/,"Est. $409,569",332.7124289195776,Pre-foreclosure,3,2
"2845 Keystone Rd, Northbrook, IL 60062","2,616",https://www.zillow.com/homedetails/2845-Keystone-Rd-Northbrook-IL-60062/3340289_zpid/,"Est. $527,538",201.65825688073394,Pre-foreclosure,4,2
"4064 Sunset Ln, Northbrook, IL 60062","5,420",https://www.zillow.com/homedetails/4064-Sunset-Ln-Northbrook-IL-60062/3330986_zpid/,"Est. $1,056,591",194.9429889298893,Foreclosed,7,6
"440 Huehl Rd, Northbrook, IL 60062","1,854",https://www.zillow.com/homedetails/440-Huehl-Rd-Northbrook-IL-60062/3330408_zpid/,"Est. $423,234",228.28155339805826,Pre-foreclosure,3,1
"2385 Castilian Cir, Northbrook, IL 60062","3,105",https://www.zillow.com/homedetails/2385-Castilian-Cir-Northbrook-IL-60062/3344357_zpid/,"Est. $635,639",204.714653784219,Pre-foreclosure,5,5
"20 Bridlewood Rd, Northbrook, IL 60062","7,819",https://www.zillow.com/homedetails/20-Bridlewood-Rd-Northbrook-IL-60062/113950964_zpid/,"Est. $2,083,440",266.4586264228162,Foreclosed,4,6
"736 Lexington Ct, Northbrook, IL 60062","1,991",https://www.zillow.com/homedetails/736-Lexington-Ct-Northbrook-IL-60062/3337249_zpid/,"Est. $308,788",155.09191361125062,Pre-foreclosure,4,2
"4120 Ridgeland Ln, Northbrook, IL 60062","4,446",https://www.zillow.com/homedetails/4120-Ridgeland-Ln-Northbrook-IL-60062/3332033_zpid/,"Est. $795,515",178.92825011246063,Pre-foreclosure,6,6
"4145 Ridgeland Ln, Northbrook, IL 60062","4,523",https://www.zillow.com/homedetails/4145-Ridgeland-Ln-Northbrook-IL-60062/3332133_zpid/,"Est. $780,952",172.66239221755472,Pre-foreclosure,5,5
"1625 Techny Rd, Northbrook, IL 60062","1,407",https://www.zillow.com/homedetails/1625-Techny-Rd-Northbrook-IL-60062/3338742_zpid/,"Est. $517,112",367.5280739161336,Pre-foreclosure,4,1
"3435 Sorrel Dr, Northbrook, IL 60062","3,900",https://www.zillow.com/homedetails/3435-Sorrel-Dr-Northbrook-IL-60062/3330354_zpid/,"Est. $834,356",213.9374358974359,Pre-foreclosure,4,5
"1850 Landwehr Rd, Northbrook, IL 60062","2,976",https://www.zillow.com/homedetails/1850-Landwehr-Rd-Northbrook-IL-60062/3339899_zpid/,"Est. $684,220",229.91263440860214,Pre-foreclosure,5,3
"865 Huckleberry Ln, Northbrook, IL 60062","2,646",https://www.zillow.com/homedetails/865-Huckleberry-Ln-Northbrook-IL-60062/3334237_zpid/,"Est. $461,566",174.43915343915344,Pre-foreclosure,4,4
"1725 Happ Rd, Northbrook, IL 60062","1,296",https://www.zillow.com/homedetails/1725-Happ-Rd-Northbrook-IL-60062/3338233_zpid/,"Est. $413,385",318.9699074074074,Pre-foreclosure,3,1
"1231 Country Ln, Northbrook, IL 60062","1,570",https://www.zillow.com/homedetails/1231-Country-Ln-Northbrook-IL-60062/3337137_zpid/,"Est. $475,752",303.0267515923567,Pre-foreclosure,4,3
"2921 Cherry Ln, Northbrook, IL 60062","1,880",https://www.zillow.com/homedetails/2921-Cherry-Ln-Northbrook-IL-60062/3333967_zpid/,"Est. $529,235",281.5079787234043,Pre-foreclosure,4,4
"5 The Court Of Charlwood, Northbrook, IL 60062","1,802",https://www.zillow.com/homedetails/5-The-Court-Of-Charlwood-Northbrook-IL-60062/3333647_zpid/,"Est. $403,399",223.86182019977804,Pre-foreclosure,3,2
"1840 Central Ave, Northbrook, IL 60062","4,646",https://www.zillow.com/homedetails/1840-Central-Ave-Northbrook-IL-60062/3340083_zpid/,"Est. $971,174",209.03443822643135,Pre-foreclosure,5,3
"1849 Ellendale Dr, Northbrook, IL 60062","2,472",https://www.zillow.com/homedetails/1849-Ellendale-Dr-Northbrook-IL-60062/3338898_zpid/,"Est. $526,913",213.15250809061487,Pre-foreclosure,4,2
"815 Winchester Ln, Northbrook, IL 60062","2,244",https://www.zillow.com/homedetails/815-Winchester-Ln-Northbrook-IL-60062/3333321_zpid/,"Est. $371,233",165.43360071301248,Pre-foreclosure,3,2
"1641 Walters Ave, Northbrook, IL 60062","2,917",https://www.zillow.com/homedetails/1641-Walters-Ave-Northbrook-IL-60062/3336922_zpid/,"Est. $582,060",199.54062392869386,Pre-foreclosure,4,3
